tanggal;pm10;pm25;co;o3;so2;no2
01/01/2021;23.083.333.333.333.300;10.354.166.666.666.600;28.930.833.333.333.300;33.916.666.666.666.600;53.854.166.666.666.600;30.833.333.333.333.300
02/01/2021;44.833.333.333.333.300;13.479.166.666.666.600;2962.0;33.895.833.333.333.300;54.166.666.666.666.600;3.0
03/01/2021;8.745.833.333.333.330;12.301.546.487.439.600;3.064.125;336.875;531.875;2.875
04/01/2021;31.100.861.389.116.500;11.915.951.787.786.700;2.513.695.596.334.990;3.025.188.355.733.330;3.275.351.160.846.450;8.870.422.647.316.390
05/01/2021;7.873.082.988.354.980;8.878.579.709.532.540;26.018.125;29.25;8.327.083.333.333.330;39.791.666.666.666.600
06/01/2021;22.0;10.354.166.666.666.600;28.526.666.666.666.600;32.791.666.666.666.600;7.389.583.333.333.330;3.625
07/01/2021;17.666.666.666.666.600;8.083.333.333.333.330;28.982.291.666.666.600;31.375;58.958.333.333.333.300;29.791.666.666.666.600
08/01/2021;14.916.666.666.666.600;12.020.833.333.333.300;28.687.083.333.333.300;32.229.166.666.666.600;538.125;26.875
09/01/2021;18.729.166.666.666.600;13.708.333.333.333.300;28.935.625;31.770.833.333.333.300;52.770.833.333.333.300;2.0
10/01/2021;24.208.333.333.333.300;15.75;32.880.833.333.333.300;20.229.166.666.666.600;52.104.166.666.666.600;21.724.921.770.309.100
11/01/2021;29.770.833.333.333.300;13.479.166.666.666.600;3289.0;20.0;52.0;0.6814357972477013
12/01/2021;44.416.666.666.666.600;18.583.333.333.333.300;3289.0;20.0;52.0;16.666.666.666.666.600
13/01/2021;374.375;16.958.333.333.333.300;32.031.041.666.666.600;25.083.333.333.333.300;53.125;17.708.333.333.333.300
14/01/2021;33.458.333.333.333.300;17.75;28.652.083.333.333.300;344.375;53.166.666.666.666.600;19.375
15/01/2021;30.020.833.333.333.300;14.604.166.666.666.600;28.667.083.333.333.300;34.708.333.333.333.300;56.416.666.666.666.600;19.791.666.666.666.600
16/01/2021;391.875;22.145.833.333.333.300;30.234.583.333.333.300;35.0;55.0;20.208.333.333.333.300
17/01/2021;34.020.833.333.333.300;18.229.166.666.666.600;2.940.875;34.770.833.333.333.300;60.354.166.666.666.600;22.916.666.666.666.600
18/01/2021;28.083.333.333.333.300;16.354.166.666.666.600;30.272.291.666.666.600;349.375;558.125;20.625
19/01/2021;28.145.833.333.333.300;133.125;28.822.916.666.666.600;35.083.333.333.333.300;56.916.666.666.666.600;17.847.013.263.415.500
20/01/2021;29.5;15.979.166.666.666.600;28.953.541.666.666.600;35.083.333.333.333.300;53.125;18.958.333.333.333.300
21/01/2021;15.145.833.333.333.300;10.375;30.167.916.666.666.600;38.229.166.666.666.600;48.541.666.666.666.600;2.125
22/01/2021;19.916.666.666.666.600;56.875;15.399.583.333.333.300;40.875;1.638.988.639.084.150;30.833.333.333.333.300
23/01/2021;31.583.333.333.333.300;6.875;15.830.208.333.333.300;42.333.333.333.333.300;1.633.393.091.991.610;8.0
24/01/2021;264.625.071.251.789;14.791.666.666.666.600;15.681.875;43.5;1.745.508.698.844.820;11.520.833.333.333.300
25/01/2021;4.345.448.910.210.270;345.625;15.855.208.333.333.300;45.583.333.333.333.300;9.762.719.463.354.740;13.291.666.666.666.600
26/01/2021;-11.415.692.141.932.500;15.458.333.333.333.300;16.181.666.666.666.600;50.354.166.666.666.600;12.554.516.742.954.800;13.583.333.333.333.300
27/01/2021;5.391.046.604.099.040;14.916.666.666.666.600;16.139.583.333.333.300;526.875;1.507.580.160.423.930;13.666.666.666.666.600
28/01/2021;1.129.481.177.214.080;17.458.333.333.333.300;16.096.145.859.985.800;5.006.398.810.227.830;25.865.579.513.706.200;13.909.722.220.980.700
29/01/2021;10.434.375.193.264.900;53.770.833.333.333.300;1.541.875;52.479.166.666.666.600;2.812.848.358.370.190;14.145.833.333.333.300
30/01/2021;15.270.833.333.333.300;23.791.666.666.666.600;15.210.833.333.333.300;47.75;20.760.913.854.104.800;14.020.833.333.333.300
31/01/2021;168.125;14.104.166.666.666.600;1.503.875;46.041.666.666.666.600;25.002.976.273.507.900;14.104.166.666.666.600
01/02/2021;17.145.833.333.333.300;27.895.833.333.333.300;15.639.791.666.666.600;50.625;37.002.976.271.509.500;14.145.833.333.333.300
02/02/2021;10.428.174.786.781.700;15.208.333.333.333.300;15.272.708.333.333.300;47.083.333.333.333.300;26.012.897.381.746.200;14.125
03/02/2021;9.122.918.395.693.050;18.916.666.666.666.600;14.896.458.333.333.300;44.770.833.333.333.300;26.810.516.225.813.000;14.041.666.666.666.600
04/02/2021;95.250.002.899.352;10.833.333.333.333.300;14.987.609.144.756.900;4.377.579.364.471.440;24.451.885.068.685.200;14.016.865.063.569.700
05/02/2021;11.800.001.462.081.700;14.208.333.333.333.300;15.435.625;41.958.333.333.333.300;27.434.524.195.686.800;14.0
06/02/2021;15.092.156.281.748.200;50.145.833.333.333.300;15.551.875;44.833.333.333.333.300;3.528.968.298.145.530;14.020.833.333.333.300
07/02/2021;9.417.641.339.285.200;8.153.159.213.060.300;15.359.375;40.166.666.666.666.600;31.270.833.333.333.300;14.0
08/02/2021;957.097.701.544.219;5.282.278.238.695.320;14.948.665.678.361.500;3.930.199.035.417.870;24.909.722.247.656.700;13.988.095.231.601.900
09/02/2021;12.056.379.409.719.200;3.332.959.448.870.760;15.689.583.333.333.300;46.125;4.651.066.473.308.340;141.875
10/02/2021;14.692.846.354.820.800;1.611.061.508.384.570;1.521.701.919.895.000;4.946.428.832.835.180;3.405.456.337.849.250;14.018.849.021.345.000
11/02/2021;1.616.666.666.602.430;16.032.489.799.773.900;15.186.458.333.333.300;50.104.166.666.666.600;23.520.833.333.333.300;140.625
12/02/2021;12.783.655.599.237.300;15.296.644.023.976.100;1520.5;49.520.833.333.333.300;21.853.794.829.765.200;14.083.333.333.333.300
13/02/2021;11.928.537.638.958.900;9.391.136.833.622.930;15.747.708.333.333.300;52.770.833.333.333.300;1.923.301.224.196.920;14.208.333.333.333.300
14/02/2021;1.519.325.500.294.140;16.002.683.594.351.800;15.288.541.666.666.600;53.958.333.333.333.300;27.875;14.270.833.333.333.300
15/02/2021;17.211.330.313.815.500;13.241.216.099.097.300;15.312.326.378.012.900;5.618.154.764.873.680;28.806.547.936.921.300;14.162.698.394.497.200
16/02/2021;13.141.782.375.526.300;15.738.728.626.650.500;14.959.583.333.333.300;57.854.166.666.666.600;31.625;14.208.333.333.333.300
17/02/2021;1.676.818.147.070.810;21.0;15.162.916.666.666.600;53.583.333.333.333.300;34.463.666.885.622.600;143.125
18/02/2021;1.700.265.099.850.500;21.0;1532.5;50.541.666.666.666.600;3.112.413.610.317.860;14.354.166.666.666.600
19/02/2021;15.229.166.650.075.200;23.998.015.768.105.700;13.937.767.922.487.700;9.108.928.556.901.140;24.840.278.535.222.300;13.269.841.194.627.200
20/02/2021;17.0;390.625;13.247.291.666.666.600;10.233.333.333.333.300;2.805.555.924.583.990;12.333.333.333.333.300
21/02/2021;17.0;19.854.166.666.666.600;13.087.708.333.333.300;95.875;24.104.166.666.666.600;12.375
22/02/2021;17.0;26.75;13.348.125;9.589.583.333.333.330;41.083.333.333.333.300;12.229.166.666.666.600
23/02/2021;17.0;24.089.582.488.488.400;13.516.875;845.625;41.5;11.916.666.666.666.600
24/02/2021;17.0;21.118.748.639.041.100;14.028.958.333.333.300;7.302.083.333.333.330;4.096.041.705.132.610;119.375
25/02/2021;15.655.447.564.798.900;18.252.601.047.303.300;15.452.703.753.523.600;7.525.407.572.477.700;29.141.585.393.913.500;14.593.320.772.727.700
26/02/2021;15.714.786.476.446.100;2.127.328.756.417.890;35.165.507.983.318.800;5.370.765.422.503.510;36.702.219.532.126.800;24.334.268.275.578.000
27/02/2021;18.948.778.704.008.700;15.262.024.409.574.400;18.777.839.082.862.800;1.075.687.005.505.580;5.149.894.187.921.600;25.993.810.076.716.300
28/02/2021;19.273.670.737.972.000;27.930.554.071.929.000;247.938.907.953.017;10.030.490.454.511.300;5.092.432.267.401.750;2.835.160.134.557.960
01/03/2021;22.924.768.726.935.300;23.827.563.372.890.400;2.944.824.209.452.730;7.204.221.919.783.120;474.299.982.320.158;2.988.022.216.004.380
02/03/2021;3.445.362.151.562.050;10.151.018.793.722.500;2.537.222.878.602.740;5.232.398.087.481.480;3.995.931.953.935.610;2.400.751.473.062.310
03/03/2021;3.351.348.965.927.640;37.203.469.684.094.800;24.747.963.502.602.000;62.732.741.352.786.700;3.332.976.493.933.820;20.253.821.610.031.800
04/03/2021;20.698.299.479.226.400;6.810.574.886.850.490;11.940.768.308.907.200;6.889.890.504.340.740;27.696.630.761.898.100;15.194.184.343.671.700
05/03/2021;2.224.620.483.863.800;11.775.734.835.979.800;13.380.094.038.099.700;7.627.402.952.743.090;1.928.272.724.254.670;12.248.896.009.742.700
06/03/2021;40.916.666.666.666.600;29.479.166.666.666.600;36.956.187.425.082.300;7.868.849.948.632.440;1.016.389.914.285.260;13.395.833.333.333.300
07/03/2021;3.471.180.555.764.750;246.715.939.047.416;40.668.791.645.723.300;8.278.231.673.454.620;5.554.834.543.279.110;16.270.833.333.333.300
08/03/2021;14.878.472.229.197.900;14.940.509.223.882.800;6.049.090.440.976.770;7.835.380.778.098.930;10.528.484.389.760.600;184.375
09/03/2021;18.125;18.398.412.695.209.700;5.577.916.666.666.660;829.944.435.768.118;220.708.882.349.343;19.354.166.666.666.600
10/03/2021;15.770.833.333.333.300;16.528.571.810.656.400;51.037.391.665.265.000;8.105.271.290.425.890;11.201.419.586.962.300;195.625
11/03/2021;17.333.333.333.333.300;18.083.333.333.333.300;47.507.591.438.069.600;8.021.840.304.596.960;8.191.213.601.512.610;19.145.833.333.333.300
12/03/2021;16.083.333.371.618.000;163.898.811.043.002;12.892.291.666.666.600;786.556.443.892.422;6.354.618.936.001.260;21.666.666.666.666.600
13/03/2021;19.385.416.669.631.400;19.565.773.812.471.500;13.742.708.333.333.300;752.222.151.573.179;5.056.148.040.088.070;23.270.833.333.333.300
14/03/2021;22.796.875.012.740.500;23.020.932.695.974.100;711.665.483.056.167;7.393.416.885.649.750;5.611.967.150.471.870;209.375
15/03/2021;18.645.833.333.333.300;19.270.833.333.333.300;7.591.458.333.333.330;750.728.025.876.398;5.658.530.804.807.300;20.875
16/03/2021;1.496.180.550.741.990;1.533.805.305.400.000;4.853.706.865.350.860;7.044.571.166.671.370;4.908.961.053.276.980;225.625
17/03/2021;18.079.861.073.939.600;18.687.046.670.419.100;6.121.125.563.977.770;7.436.609.463.617.700;4.625.999.265.324.240;21.708.333.333.333.300
18/03/2021;20.477.083.178.817.500;16.187.502.035.721.300;41.070.397.230.122.800;7.650.949.090.111.860;4.256.462.371.953.200;21.958.333.333.333.300
19/03/2021;1.643.144.505.114.500;15.704.625.749.920.100;3.351.785.397.917.600;7.478.148.585.378.770;3.999.157.595.584.970;21.166.666.666.666.600
20/03/2021;19.138.299.992.938.700;13.801.038.171.760.300;8.638.798.733.022.420;7.377.573.545.836.980;4.374.117.438.091.480;23.125
21/03/2021;28.419.751.088.187.100;21.844.193.030.255.700;8.686.439.172.143.090;7.402.258.344.591.310;467.649.117.201.662;21.333.333.333.333.300
22/03/2021;22.059.412.268.180.200;16.250.555.566.161.600;6.610.577.489.879.510;7.489.567.567.850.600;37.231.293.095.483.300;22.75
23/03/2021;3.150.694.433.603.200;18.989.605.838.341.400;7.882.885.921.957.930;7.355.585.897.294.950;3.924.537.032.354.620;23.333.333.333.333.300
24/03/2021;19.131.944.133.372.100;13.086.707.639.382.300;9.778.541.666.666.660;7.457.935.967.396.260;5.960.127.639.108.440;23.354.166.666.666.600
25/03/2021;268.125;15.849.404.754.702.700;112.965.062.899.878;7.523.196.787.076.540;-0.4721753729842022;24.604.166.666.666.600
26/03/2021;23.958.333.333.333.300;15.333.333.333.333.300;7.347.125.429.562.590;735.409.310.363.727;-5.350.137.667.694.270;23.833.333.333.333.300
27/03/2021;32.159.722.113.673.900;19.669.430.432.469.100;7.892.772.139.592.370;7.398.922.686.708.930;-6.896.642.056.977.620;21.979.166.666.666.600
28/03/2021;1.527.428.826.592.240;15.151.078.976.918.100;448.184.403.147.646;7.204.421.479.479.270;-4.543.559.188.681.830;21.208.333.333.333.300
29/03/2021;22.218.724.264.387.300;15.637.504.329.519.700;4.803.166.433.575.860;7.172.427.374.400.530;-518.131.246.032.108;21.979.166.666.666.600
30/03/2021;18.475.112.912.198.800;18.401.667.224.968.500;817.530.244.805.971;7.225.784.455.570.470;-36.858.427.737.138.900;229.375
31/03/2021;28.583.333.333.333.300;21.769.762.037.831.600;10.158.958.333.333.300;7.020.670.004.433.580;13.429.398.221.232.100;25.145.833.333.333.300
01/04/2021;34.75;21.709.531.878.586.000;11.017.291.666.666.600;6.802.259.030.720.020;0.4675968087018241;243.125
02/04/2021;49.458.964.435.624.000;27.351.941.747.528.900;7.463.715.780.619.490;6.803.811.517.055.660;6.445.933.423.752.260;24.354.166.666.666.600
03/04/2021;2.006.880.860.673.540;13.630.415.957.117.400;9.527.368.544.955.310;6.530.345.354.862.020;0.5892585513442202;24.625
04/04/2021;41.125;25.125;123.693.175.048.201;6.474.191.190.336.070;10.217.572.887.535.400;25.458.333.333.333.300
05/04/2021;545.625;31.916.666.666.666.600;12.409.166.666.666.600;654.179.315.594.589;73.672.644.763.316.500;27.395.833.333.333.300
06/04/2021;45.208.333.333.333.300;29.958.333.333.333.300;9.666.636.915.211.750;61.752.850.903.965.100;70.441.981.367.425.200;26.354.166.666.666.600
07/04/2021;23.125;18.208.333.333.333.300;6.153.710.923.480.500;6.007.686.930.704.110;8.709.486.390.054.010;268.125
08/04/2021;26.541.666.666.666.600;22.374.107.175.908.200;7.105.625.206.856.140;5.942.556.272.085.680;1.152.902.933.822.290;28.833.333.333.333.300
09/04/2021;29.104.166.666.666.600;2.017.787.699.807.600;7.366.041.666.666.660;59.357.621.106.416.400;14.898.048.809.371.400;304.375
10/04/2021;32.729.166.666.666.600;2.338.115.121.123.520;8.917.916.666.666.660;5.797.642.977.984.810;17.409.273.331.467.100;27.354.166.666.666.600
11/04/2021;36.895.833.333.333.300;27.0;8.943.204.369.453.590;5.466.404.989.146.650;1.420.587.817.929.030;281.875
12/04/2021;47.0;49.125;8.221.307.599.368.110;5.353.471.544.677.590;13.606.799.590.329.800;27.458.333.333.333.300
13/04/2021;17.219.741.486.588.900;26.924.381.646.880.600;37.130.157.988.358.700;5.753.180.457.675.470;4.332.172.694.344.920;243.125
14/04/2021;14.870.535.376.046.500;1.935.689.817.965.510;7.998.974.156.662.460;5.523.730.207.135.690;6.162.139.286.506.700;25.770.833.333.333.300
15/04/2021;986.805.552.687.336;13.993.997.836.850.700;38.062.863.204.311.800;53.413.576.581.736.500;6.190.434.463.216.670;25.395.833.333.333.300
16/04/2021;14.145.310.160.219.900;1.963.473.639.632.410;7.730.684.651.283.650;5.550.735.480.584.010;5.883.921.825.189.570;254.375
17/04/2021;15.094.267.535.598.200;25.001.952.746.588.200;44.465.371.423.392.100;5.576.226.781.509.660;5.804.051.141.328.830;29.208.333.333.333.300
18/04/2021;12.958.333.333.333.300;20.831.968.016.676.200;19.896.869.311.421.800;5.554.651.352.813.760;57.698.738.243.179.300;27.791.666.666.666.600
19/04/2021;2.193.958.328.720.310;34.979.166.666.666.600;3.477.292.002.964.280;5.559.882.402.383.960;5.550.208.613.951.760;293.125
20/04/2021;4.301.041.666.185.120;6.551.484.785.801.810;1.194.583.115.963.080;5.485.189.910.888.690;5.727.997.925.330.800;32.041.666.666.666.600
21/04/2021;448.541.666.633.137;4.597.573.184.224.750;14.541.973.224.731.400;52.509.851.813.203.400;4.985.119.753.303.480;326.875
22/04/2021;40.170.833.330.457.000;5.826.547.383.578.910;7.408.958.333.333.330;62.983.942.963.951.400;461.999.194.456.486;39.416.666.666.666.600
23/04/2021;10.424.036.615.211.900;23.649.094.807.017.800;13.552.580.750.941.700;7.222.765.848.209.330;45.161.568.194.111.100;29.666.666.666.666.600
24/04/2021;7.998.641.642.701.400;11.963.381.225.981.900;-5.908.482.138.449.210;6.869.347.045.486.360;4.129.400.466.565.000;263.125
25/04/2021;21.941.896.830.087.900;23.412.562.196.303.100;318.582.328.472.895;6.597.402.529.102.190;4.135.324.495.121.960;31.416.666.666.666.600
26/04/2021;48.479.166.666.666.600;2.950.476.753.900.570;6.112.187.513.616.090;660.452.712.245.491;4.860.624.347.146.490;34.875
27/04/2021;53.541.666.666.666.600;35.291.666.666.666.600;799.5;5.747.309.978.414.980;3.833.879.452.688.610;32.729.166.666.666.600
28/04/2021;52.354.166.666.666.600;32.583.333.333.333.300;16.943.073.056.185.900;5.839.843.884.251.690;3.744.738.321.187.440;34.25
29/04/2021;81.875;42.770.833.333.333.300;9.586.041.666.666.660;48.949.528.749.552.600;3.813.346.587.433.430;36.791.666.666.666.600
30/04/2021;40.0;20.220.832.879.735.000;2.587.362.246.584.600;56.590.782.599.462.900;366.811.514.866.362;33.166.666.666.666.600
01/05/2021;3.998.124.999.867.800;26.029.165.539.941.500;5.764.129.985.604.840;61.279.284.128.100.100;3.742.664.490.272.680;31.458.333.333.333.300
02/05/2021;29.689.583.332.497.200;1.995.937.259.845.360;9.890.333.384.311.740;6.812.638.310.314.880;356.546.802.730.198;29.583.333.333.333.300
03/05/2021;3.824.791.666.721.670;26.092.985.417.170.700;16.364.168.840.840.300;5.067.036.677.935.230;2.724.595.687.864.740;28.375
04/05/2021;3.611.041.667.821.490;2.255.520.652.799.710;1.804.772.921.972.530;4.706.154.064.881.400;22.194.139.235.347.300;30.625
05/05/2021;39.979.166.666.666.600;26.0;9.234.562.548.174.010;5.215.092.597.887.260;19.392.109.450.323.000;31.729.166.666.666.600
06/05/2021;8.289.583.333.333.330;44.083.333.333.333.300;17.103.319.449.910.100;5.444.169.365.829.960;13.549.183.402.678.400;34.979.166.666.666.600
07/05/2021;100.125;46.770.833.333.333.300;28.781.875;5.180.355.472.298.110;12.500.863.456.480.600;32.479.166.666.666.600
08/05/2021;704.375;35.125;22.081.666.666.666.600;5.169.434.032.043.360;13.739.051.378.630.900;31.458.333.333.333.300
09/05/2021;4.753.150.108.335.570;32.229.166.666.666.600;23.887.805.804.556.300;4.835.527.994.744.510;6.825.977.217.499.610;30.5
10/05/2021;24.884.872.370.086.300;40.395.833.333.333.300;8.405.833.333.333.330;48.308.041.112.851.700;1.860.287.605.895.910;324.375
11/05/2021;30.104.166.666.666.600;42.833.333.333.333.300;7.599.416.684.292.340;4.946.080.028.737.820;18.413.024.594.047.800;335.625
12/05/2021;37.416.666.666.666.600;53.895.833.333.333.300;950.125;4.598.366.715.428.670;15.596.922.460.750.500;36.770.833.333.333.300
13/05/2021;39.854.166.666.666.600;62.416.666.666.666.600;1.151.125;4.659.617.635.811.020;14.132.940.461.367.600;32.770.833.333.333.300
14/05/2021;23.5;3.207.148.738.028.070;8.577.659.166.274.360;4.396.582.298.911.700;13.073.827.988.409.600;30.166.666.666.666.600
15/05/2021;22.354.166.666.666.600;19.446.400.017.495.200;18.689.791.666.666.600;4.275.511.321.744.260;1.550.106.866.405.890;30.291.666.666.666.600
16/05/2021;2.111.845.334.177.540;18.659.003.223.039.000;2.120.272.135.143.230;4.737.805.840.040.490;189.126.514.944.398;32.270.833.333.333.300
17/05/2021;26.582.191.675.161.900;25.392.633.367.742.000;9.910.410.466.479.310;50.096.150.977.482.500;19.579.104.155.418.700;31.083.333.333.333.300
18/05/2021;24.790.967.639.637.100;15.630.654.729.456.600;2.537.239.941.155.450;4.651.653.087.513.120;2.026.755.120.760.590;28.854.166.666.666.600
19/05/2021;18.476.710.068.972.700;23.745.773.765.145.000;31.185.266.667.324.200;4.875.899.921.341.170;1.951.364.320.064.870;32.583.333.333.333.300
20/05/2021;17.354.694.609.147.500;33.354.166.666.666.600;8.824.791.666.666.660;4.918.353.343.494.870;197.159.491.003.687;31.916.666.666.666.600
21/05/2021;2.143.074.684.544.330;36.791.666.666.666.600;7.196.041.666.666.660;49.353.981.027.286.800;20.681.255.789.574.700;37.958.333.333.333.300
22/05/2021;19.191.109.101.468.800;56.916.666.666.666.600;14.339.791.666.666.600;4.298.289.657.773.720;197.523.513.759.696;32.75
23/05/2021;1.916.255.027.642.910;35.104.166.666.666.600;8.612.373.728.598.910;4.209.090.232.756.320;2.302.974.745.234.210;30.291.666.666.666.600
24/05/2021;21.150.017.852.866.800;435.625;6.186.518.852.324.410;4.351.023.949.700.590;24.188.730.209.731.000;33.979.166.666.666.600
25/05/2021;25.693.052.788.328.300;30.291.666.666.666.600;48.133.595.148.152.200;4.141.289.355.105.100;19.390.879.022.301.200;32.604.166.666.666.600
26/05/2021;19.961.821.016.986.900;2.577.767.857.179.190;7.358.552.972.389.680;4.173.198.044.505.270;17.168.741.255.018.000;284.375
27/05/2021;23.023.204.918.005.500;1.824.950.399.170.600;7.994.939.145.792.090;4.242.873.955.169.230;9.893.164.936.154.600;28.875
28/05/2021;22.551.448.544.672.500;18.727.876.986.307.700;9.537.262.614.771.850;4.062.045.187.373.060;9.423.470.738.022.150;30.0
29/05/2021;21.349.192.056.309.900;20.665.376.983.747.400;7.782.054.588.680.460;41.119.396.916.129.000;9.711.105.185.115.790;30.145.833.333.333.300
30/05/2021;21.492.947.728.834.700;20.270.833.333.333.300;2.745.928.864.836.060;40.414.958.258.859.200;8.476.607.991.783.710;31.333.333.333.333.300
31/05/2021;18.947.035.909.082.700;20.483.202.174.639.300;3.910.776.953.111.080;4.049.866.110.380.190;11.424.578.960.719.500;283.125
01/06/2021;2.086.400.899.451.960;1.076.086.808.395.070;17.069.461.715.125.000;4.172.591.516.291.160;10.868.398.080.504.600;26.25
02/06/2021;2.264.876.477.626.320;1.234.867.090.366.860;-7.468.651.005.234.120;3.911.188.130.978.530;1.264.907.106.654.280;26.666.666.666.666.600
03/06/2021;23.547.528.829.112.900;35.708.333.333.333.300;49.849.183.456.956.500;403.871.193.125.349;13.417.431.128.358.900;33.125
04/06/2021;22.203.063.325.826.400;2.781.121.037.928.330;584.798.217.349.458;3.993.003.377.800.030;12.898.617.837.647.500;33.708.333.333.333.300
05/06/2021;26.844.368.284.304.500;32.354.166.666.666.600;311.822.130.692.675;36.776.990.321.570.700;11.771.017.061.743.400;31.895.833.333.333.300
06/06/2021;27.929.571.705.881.400;11.138.894.330.343.500;-13.128.917.833.819.000;38.214.653.125.131.400;175.780.307.562.701;26.791.666.666.666.600
07/06/2021;2.944.156.721.093.000;10.116.098.489.397.900;132.120.146.825.913;388.327.270.347.659;14.312.473.125.609.000;259.375
08/06/2021;25.201.587.310.121.800;9.034.389.849.088.290;-4.499.786.640.002.270;3.252.883.694.258.430;16.941.870.046.000.700;24.979.166.666.666.600
09/06/2021;28.477.089.989.294.000;18.082.213.731.616.400;26.490.797.218.891.600;32.921.655.701.630.400;18.126.842.525.867.300;25.625
10/06/2021;2.824.078.053.724.650;13.738.293.949.814.300;26.457.398.962.056.800;3.651.500.635.327.020;37.284.064.325.751.300;25.583.333.333.333.300
11/06/2021;28.524.675.908.208.900;3.475.178.573.283.010;10.257.454.841.923.500;342.631.565.114.477;29.250.615.463.124.500;27.729.166.666.666.600
12/06/2021;2.893.446.614.658.690;21.224.665.065.710.600;27.307.916.848.548.100;3.256.126.835.244.410;16.632.109.943.592.200;278.125
13/06/2021;28.925.690.692.601.600;34.791.666.666.666.600;11.556.014.363.134.500;3.376.194.173.958.240;0.06297420739370085;300.625
14/06/2021;30.942.833.822.408.300;3.284.295.635.662.370;7.668.517.862.579.250;3.593.708.634.738.700;7.282.209.593.569.530;27.145.833.333.333.300
15/06/2021;4.373.920.606.008.440;1.928.241.269.557.850;14.756.992.853.624.100;3.457.630.584.472.110;13.878.962.357.739.600;28.208.333.333.333.300
16/06/2021;4.999.113.371.309.550;16.018.931.982.921.900;1.164.272.718.467.040;3.214.819.127.787.380;13.791.824.639.103.300;27.875
17/06/2021;5.087.302.773.063.780;1.988.829.373.156.150;9.726.732.331.678.600;28.097.218.501.372.200;1.554.509.575.550.450;29.395.833.333.333.300
18/06/2021;4.819.488.510.851.900;336.875;12.327.708.333.333.300;2.800.186.216.538.680;13.712.434.876.313.500;30.583.333.333.333.300
19/06/2021;40.525.240.086.440.800;12.416.941.379.188.000;27.204.104.357.326.200;28.141.487.178.068.400;16.021.050.272.746.200;26.708.333.333.333.300
20/06/2021;3.745.300.986.230.440;30.975.785.316.393.700;47.129.325.251.465.500;29.160.994.931.418.700;1.814.142.908.866.040;26.229.166.666.666.600
21/06/2021;3.563.086.176.600.550;14.559.069.390.431.600;28.048.518.736.154.700;3.073.981.027.807.150;1.939.261.256.861.830;26.083.333.333.333.300
22/06/2021;29.079.517.778.068.100;16.751.504.115.965.600;35.926.652.560.159.600;26.513.625.628.563.100;1.859.855.485.663.800;29.479.166.666.666.600
23/06/2021;2.732.317.687.007.950;2.331.329.360.850.400;6.278.210.901.278.910;3.258.953.916.276.430;15.885.038.400.934.600;298.125
24/06/2021;2.683.049.305.992.420;37.541.666.666.666.600;769.875;32.735.401.406.041.500;1.873.614.793.119.360;28.895.833.333.333.300
25/06/2021;28.469.440.001.476.000;42.125;20.150.073.674.573.600;33.222.247.061.726.200;14.785.777.787.585.200;34.541.666.666.666.600
26/06/2021;3.205.592.257.485.530;45.604.166.666.666.600;19.112.083.333.333.300;31.656.282.376.424.700;15.560.714.267.805.000;32.979.166.666.666.600
27/06/2021;35.207.959.459.621.000;44.770.833.333.333.300;16.746.625.733.933.200;3.388.756.112.596.390;1.819.177.813.991.710;31.666.666.666.666.600
28/06/2021;4.209.222.685.274.510;336.875;758.625;2.987.347.978.174.360;1.973.363.742.013.830;31.645.833.333.333.300
29/06/2021;44.697.447.634.050.200;4.417.428.938.650.160;1.891.272.873.163.140;26.300.314.649.825.600;17.390.514.316.065.000;25.798.299.185.012.200
30/06/2021;39.666.666.666.666.600;60.516.824.547.009.100;30.942.610.495.032.000;2.664.507.118.698.540;1.904.321.937.605.020;1.698.290.547.986.960
01/07/2021;32.624.999.989.996.200;7.336.750.827.388.410;30.271.666.666.666.600;24.678.025.632.476.700;23.750.009.913.122.300;9.583.333.333.333.330
02/07/2021;24.291.703.224.767.500;16.124.997.204.243.300;1535.75;1.894.248.480.654.530;24.794.531.423.922.100;7.934.283.544.568.590
03/07/2021;76.625;48.625;25.313.333.333.333.300;2.956.400.579.276.770;23.970.833.405.490.500;7.956.249.286.614.840
04/07/2021;6.734.375.024.192.950;4.305.347.327.259.910;2.427.602.776.063.270;3.796.050.616.940.610;27.479.937.593.101.200;8.987.499.756.631.880
05/07/2021;429.965.279.769.447;253.535.394.775.087;1.442.078.295.568.220;11.839.575.187.251.200;11.879.669.963.874.700;7.266.665.464.341.780
06/07/2021;296.875;23.019.786.162.960.000;12.911.041.666.666.600;3.204.582.773.772.370;39.651.487.669.129.000;9.181.246.368.655.870
07/07/2021;63.666.666.666.666.600;45.541.666.666.666.600;19.790.208.333.333.300;4.547.916.659.008.830;16.200.905.782.041.200;105.625
08/07/2021;7.022.222.183.195.100;5.284.632.930.041.780;21.537.083.333.333.300;3.581.199.084.609.220;12.640.564.238.172.800;9.145.833.333.333.330
09/07/2021;62.520.833.333.333.300;45.270.833.333.333.300;19.768.333.333.333.300;27.698.510.968.005.800;1.346.148.641.918.680;8.979.166.666.666.660
10/07/2021;4.434.374.993.838.130;28.175.594.358.847.600;23.513.125;27.636.099.719.761.200;1.131.860.387.991.100;793.364.894.418.248
11/07/2021;2.388.888.885.597.410;14.945.832.712.003.300;22.697.708.333.333.300;10.940.249.268.880.400;10.011.987.119.052.800;6.868.650.288.834.990
12/07/2021;20.728.394.926.207.700;14.850.592.029.123.900;27.688.541.666.666.600;2.706.527.768.440.800;10.766.770.369.959.100;8.381.547.113.563.590
13/07/2021;48.395.833.333.333.300;30.673.214.242.842.800;28.527.291.666.666.600;18.993.697.351.097.000;1.610.583.821.442.100;8.092.162.661.938.440
14/07/2021;37.520.833.333.333.300;2.719.126.710.031.930;25.633.125;2.304.598.166.561.490;9.515.804.180.393.780;8.193.253.961.566.520
15/07/2021;37.854.166.666.666.600;24.145.833.333.333.300;20.048.958.333.333.300;8.845.820.320.040.660;5.764.270.583.211.250;728.898.802.990.427
16/07/2021;45.875;31.520.833.333.333.300;23.187.083.333.333.300;16.975.013.666.879.100;296.938.614.038.914;8.764.682.519.712.270
17/07/2021;48.479.166.666.666.600;35.416.666.666.666.600;23.333.541.666.666.600;13.868.798.573.963.800;8.291.969.723.368.670;10.145.833.333.333.300
18/07/2021;60.979.166.666.666.600;451.875;2233.5;32.993.191.234.392.300;810.434.828.592.743;120.625
19/07/2021;63.604.166.666.666.600;43.708.333.333.333.300;2002.0;11.017.842.585.259.400;9.756.296.917.633.370;103.125
20/07/2021;751.875;38.958.333.333.333.300;2.348.375;8.418.457.625.134.420;9.982.533.574.070.910;7.532.242.058.321.210
21/07/2021;2.637.847.206.912.280;1.849.768.044.475.800;25.735.208.333.333.300;338.219.874.878.272;6.365.332.900.498.660;6.666.269.920.261.690
22/07/2021;36.875;2.592.591.967.534.220;20.453.333.333.333.300;14.995.570.336.140.900;661.691.883.856.367;850.615.092.975.161
23/07/2021;37.729.166.666.666.600;21.583.333.333.333.300;20.411.666.666.666.600;2.219.773.800.701.970;0.6692342650609412;7.645.833.333.333.330
24/07/2021;3.276.041.665.633.330;21.669.642.855.479.300;20.117.126.984.284.500;5.399.194.197.202.680;2.760.831.933.987.260;76.879.965.669.621.900
25/07/2021;8.008.333.333.333.330;54.729.166.666.666.600;2.716.375;2.253.854.799.268.310;57.598.235.628.466.700;11.626.587.332.439.700
26/07/2021;60.645.833.333.333.300;45.333.333.333.333.300;23.440.625;2.145.310.689.119.380;19.804.824.288.864.500;11.979.166.666.666.600
27/07/2021;463.125;348.125;22.361.875;17.903.589.174.531.600;-7.344.392.537.648.640;11.104.166.666.666.600
28/07/2021;59.083.333.333.333.300;430.625;1809.5;2.782.777.745.453.760;-7.869.217.082.623.020;12.541.666.666.666.600
29/07/2021;28.979.166.666.666.600;20.395.833.333.333.300;17.195.416.666.666.600;10.503.432.809.752.500;-852.441.961.690.646;9.604.166.666.666.660
30/07/2021;36.25;27.083.333.333.333.300;17.042.877.975.824.600;2.210.168.159.219.900;-665.632.127.750.206;11.0
31/07/2021;44.520.833.333.333.300;28.152.282.478.919.100;1660.75;154.576.394.421.735;-4.845.280.135.405.020;101.875
01/08/2021;503.125;3.099.027.779.383.500;2012.0;19.980.049.259.480.500;0.6836196499645867;10.416.666.666.666.600
02/08/2021;34.458.333.333.333.300;21.416.666.666.666.600;26.249.791.666.666.600;21.059.497.867.236.400;15.744.312.258.971.700;10.027.579.550.929.400
03/08/2021;37.270.833.333.333.300;21.924.891.950.146.500;21.979.375;9.973.010.635.240.950;2.749.042.564.822.980;9.854.166.666.666.660
04/08/2021;27.625;18.064.196.595.518.800;1885.0;16.332.712.404.798.100;3.994.267.563.382.620;991.884.923.998.853
05/08/2021;34.604.166.666.666.600;25.076.402.242.500.900;22.024.583.333.333.300;4.439.914.108.409.660;7.945.588.673.515.070;877.837.302.389.999
06/08/2021;40.354.166.666.666.600;295.625;25.873.333.333.333.300;18.792.502.299.818.200;6.960.694.920.472.820;10.104.166.666.666.600
07/08/2021;31.770.833.333.333.300;19.520.833.333.333.300;25.875.416.666.666.600;8.750.254.030.660.520;11.574.648.132.029.000;7.494.047.864.882.620
08/08/2021;27.208.333.333.333.300;19.375;2.392.125;11.440.379.223.033.200;12.197.652.171.829.600;7.803.174.705.379.780
09/08/2021;26.770.833.333.333.300;19.125;20.773.958.333.333.300;7.968.246.964.780.290;12.312.441.573.213.900;68.964.288.756.714.700
10/08/2021;39.458.333.333.333.300;24.875;1789.25;7.819.410.289.192.340;10.159.732.113.612.100;8.129.563.586.720.880
11/08/2021;7.133.333.333.333.330;50.729.166.666.666.600;21.546.458.333.333.300;1.727.086.335.247.600;898.763.378.725.221;100.625
12/08/2021;37.208.333.333.333.300;28.375;19.179.791.666.666.600;2.280.774.900.616.050;8.745.373.043.671.770;9.333.333.333.333.330
13/08/2021;38.708.333.333.333.300;26.395.833.333.333.300;16.101.666.666.666.600;1.702.932.599.550.760;13.711.540.285.838.300;9.166.666.666.666.660
14/08/2021;40.333.333.333.333.300;27.395.337.381.009.200;19.474.375;17.150.649.587.826.000;16.304.116.422.142.600;8.412.301.656.056.230
15/08/2021;33.479.166.666.666.600;22.833.333.333.333.300;20.432.916.666.666.600;13.680.200.461.690.800;12.937.870.963.292.400;8.178.075.401.784.630
16/08/2021;370.625;2.614.226.232.177.550;23.334.375;15.762.912.176.204.600;1.001.208.683.661.710;8.218.452.432.187.850
17/08/2021;53.875;34.333.333.333.333.300;23.466.875;16.428.569.944.099.100;19.460.288.429.496.300;9.009.821.432.665.210
18/08/2021;40.041.666.666.666.600;261.875;18.486.875;855.455.882.481.021;11.614.120.226.702.200;8.569.642.982.906.020
19/08/2021;49.020.833.333.333.300;3.143.742.561.404.590;21.922.708.333.333.300;3.547.466.854.325.170;136.730.316.850.732;8.270.833.333.333.330
20/08/2021;6.416.666.666.666.660;40.079.761.910.845.600;18.899.166.666.666.600;16.173.193.581.182.100;11.910.482.772.538.200;10.313.492.593.349.400
21/08/2021;7.414.583.333.333.330;44.208.333.333.333.300;20.577.083.333.333.300;13.958.497.985.844.500;9.521.954.905.565.880;8.690.079.370.677.450
22/08/2021;42.625;2.875.922.619.746.950;20.899.583.333.333.300;8.154.230.725.580.480;9.055.967.603.983.660;8.945.436.939.758.260
23/08/2021;598.125;37.0;2.523.125;167.140.434.143.539;13.339.068.901.260.900;9.407.936.512.926.810
24/08/2021;4.815.208.332.946.870;32.913.293.653.747.100;2.046.378.075.728.090;2.034.537.637.902.680;11.453.751.272.559.700;8.287.599.548.288.640
25/08/2021;17.583.333.333.333.300;12.615.129.074.851.300;20.194.166.666.666.600;9.273.280.638.733.520;12.267.082.830.707.200;9.416.666.666.666.660
26/08/2021;41.354.166.666.666.600;28.376.041.682.270.300;21.752.916.666.666.600;2.112.525.359.751.520;6.441.814.685.284.960;9.916.666.666.666.660
27/08/2021;38.291.666.666.666.600;23.625;20.358.541.666.666.600;1.772.609.362.400.190;8.285.721.847.287.880;9.729.166.666.666.660
28/08/2021;34.0;25.5;1.973.625;22.973.238.828.690.500;22.885.339.795.066.100;10.895.833.333.333.300
29/08/2021;7.004.166.666.666.660;40.770.833.333.333.300;27.693.541.666.666.600;1.623.748.960.710.780;16.041.556.340.707.000;9.104.166.666.666.660
30/08/2021;804.375;51.958.333.333.333.300;34.455.208.333.333.300;17.575.004.390.362.600;208.999.404.268.647;9.666.666.666.666.660
31/08/2021;4.981.302.301.727.820;42.333.333.333.333.300;33.163.958.333.333.300;4.567.085.432.692.420;11.408.192.420.621.500;11.854.166.666.666.600
01/09/2021;17.312.973.305.104.100;478.125;31.791.458.333.333.300;2.409.167.157.742.840;9.241.723.692.371.600;10.390.625.010.116.900
02/09/2021;37.5;275.625;32.696.041.666.666.600;2.350.004.320.415.780;1.352.964.386.875.740;10.541.666.666.666.600
03/09/2021;476.875;34.520.833.333.333.300;25.937.708.333.333.300;15.931.512.565.904.800;1.070.339.296.639.010;108.125
04/09/2021;328.125;23.75;27.106.666.666.666.600;2.800.200.030.633.180;12.498.862.128.169.200;12.083.333.333.333.300
05/09/2021;35.645.833.333.333.300;24.895.833.333.333.300;2655.25;29.275.854.372.640.200;6.672.966.996.811.890;11.75
06/09/2021;541.875;335.734.378.075.926;4.366.770.833.333.330;31.137.514.043.268.500;19.596.547.239.196.700;1.065.833.335.494.640
07/09/2021;28.0;18.166.666.666.666.600;28.731.666.666.666.600;23.706.294.494.422.500;10.641.014.383.753.400;9.720.833.352.388.800
08/09/2021;22.0;15.0;30.737.083.333.333.300;8.135.724.018.561.100;12.698.049.804.088.700;9.291.666.666.666.660
09/09/2021;22.0;15.0;26.633.333.333.333.300;12.219.651.654.800.100;-13.110.586.809.966.800;9.604.166.666.666.660
10/09/2021;21.179.618.349.620.300;16.720.250.630.994.300;24.900.199.400.039.100;1.932.123.170.027.390;8.014.394.207.507.930;9.910.515.873.304.150
11/09/2021;22.139.788.464.347.300;12.336.064.419.406.500;24.956.666.666.666.600;8.708.230.149.115.360;7.604.911.481.152.920;8.791.666.666.666.660
12/09/2021;16.165.618.524.139.200;11.863.500.834.567.000;27.633.333.333.333.300;1.625.691.122.243.040;7.277.030.285.259.770;9.145.833.333.333.330
13/09/2021;14.156.154.700.570.300;14.027.024.806.541.400;30.547.083.333.333.300;1.680.202.451.926.470;7.116.092.083.433.760;85.625
14/09/2021;1.743.117.822.294.910;15.917.025.655.617.500;29.921.458.333.333.300;0.30891522308106106;18.066.454.985.924.800;750.079.361.129.648
15/09/2021;20.662.268.820.048.300;16.327.053.858.159.400;31.301.041.666.666.600;1.977.378.644.122.710;22.818.763.347.150.400;9.291.666.666.666.660
16/09/2021;13.578.210.651.803.300;10.931.710.788.485.800;3.620.442.547.576.380;19.718.420.531.324.500;14.504.498.981.141.800;8.496.230.145.352.190
17/09/2021;20.093.841.494.053.600;1.764.115.944.241.270;32.630.826.391.776.500;2.127.747.146.095.120;27.577.381.997.072.300;72.952.380.824.848.100
18/09/2021;345.625;221.875;27.472.916.666.666.600;68.0;61.135.912.840.525.700;93.125
19/09/2021;47.916.666.666.666.600;2.281.984.125.880.700;24.327.708.333.333.300;7.052.083.333.333.330;6.445.833.333.333.330;90.625
20/09/2021;24.354.166.666.666.600;13.0;23.994.791.666.666.600;7.014.583.333.333.330;6.483.333.333.333.330;93.125
21/09/2021;366.875;13.0;24.727.916.666.666.600;8.589.583.333.333.330;5.614.186.507.520.690;10.75
22/09/2021;30.666.666.666.666.600;13.0;2.728.875;9.802.083.333.333.330;5.034.920.634.410.300;11.729.166.666.666.600
23/09/2021;35.583.333.333.333.300;13.0;25.929.375;879.375;56.895.833.333.333.300;105.625
24/09/2021;26.458.333.333.333.300;1.505.337.290.181.740;30.704.375;848.125;53.490.079.356.655.100;10.354.166.666.666.600
25/09/2021;32.447.916.642.110.000;18.675.659.382.971.800;3.040.625;8.452.083.333.333.330;665.625;9.895.833.333.333.330
26/09/2021;18.624.998.664.896.700;1.253.412.334.197.080;31.937.083.333.333.300;7.791.666.666.666.660;52.5;9.270.833.333.333.330
27/09/2021;43.458.333.333.333.300;19.791.666.666.666.600;36.796.041.666.666.600;8.483.333.333.333.330;49.873.015.159.159.600;10.479.166.666.666.600
28/09/2021;60.145.833.333.333.300;22.242.857.141.209.100;33.309.583.333.333.300;933.125;57.354.166.666.666.600;104.375
29/09/2021;111.625;36.145.833.333.333.300;31.921.666.666.666.600;100.75;5.019.246.024.999.910;119.375
30/09/2021;6.864.583.333.333.330;32.541.666.666.666.600;33.086.458.333.333.300;10.058.333.333.333.300;45.005.952.249.080.000;12.145.833.333.333.300
01/10/2021;4.074.652.776.408.850;2.367.232.145.354.890;33.116.875;8.297.916.666.666.660;46.729.166.666.666.600;10.541.666.666.666.600
02/10/2021;42.645.833.333.333.300;23.145.833.333.333.300;33.082.708.333.333.300;77.125;46.145.833.333.333.300;10.083.333.333.333.300
03/10/2021;45.666.666.666.666.600;22.229.166.666.666.600;23.286.666.666.666.600;755.625;62.166.665.045.703.800;10.354.166.666.666.600
04/10/2021;22.104.166.666.666.600;12.875.199.266.881.000;27.752.916.666.666.600;765.625;52.916.666.646.013.400;10.354.166.666.666.600
05/10/2021;13.25;11.831.801.551.889.000;31.076.875;7.641.666.666.666.660;43.708.333.333.333.300;10.145.833.333.333.300
06/10/2021;1.292.881.942.194.650;11.275.389.347.929.400;27.864.375;7.627.083.333.333.330;488.125;9.75
07/10/2021;10.388.888.892.640.700;10.374.862.334.329.100;29.494.375;8.820.833.333.333.330;44.541.666.666.666.600;104.375
08/10/2021;14.208.333.333.333.300;13.337.877.644.536.800;28.845.208.333.333.300;6.977.083.333.333.330;36.895.833.333.333.300;9.625
09/10/2021;26.75;1.704.402.484.378.360;3.008.875;8.439.583.333.333.330;49.104.166.666.666.600;9.854.166.666.666.660
10/10/2021;51.75;271.875;27.670.416.666.666.600;9.816.666.666.666.660;46.083.333.333.333.300;10.833.333.333.333.300
11/10/2021;30.0;15.047.369.866.238.200;22.482.708.333.333.300;6.560.416.666.666.660;676.736.110.994.127;8.729.166.666.666.660
12/10/2021;19.104.166.666.666.600;11.863.878.123.148.900;25.040.833.333.333.300;676.875;60.895.833.333.333.300;8.479.166.666.666.660
13/10/2021;39.0;19.822.884.951.989.600;27.169.375;9.129.166.666.666.660;55.708.333.333.333.300;9.458.333.333.333.330
14/10/2021;35.770.833.333.333.300;17.324.292.568.503.000;20.958.619.047.764.500;8.560.416.666.666.660;553.585.311.872.724;9.520.833.333.333.330
15/10/2021;19.056.508.748.092.500;1.253.191.434.570.610;29.916.875;8.135.416.666.666.660;4.091.706.291.152.880;101.875
16/10/2021;3.349.270.134.927.980;15.264.083.042.727.600;28.809.375;87.625;42.229.166.666.666.600;10.041.666.666.666.600
17/10/2021;17.755.045.819.425.900;1.577.781.917.462.360;31.670.416.666.666.600;9.658.333.333.333.330;4.500.535.713.106.470;10.25
18/10/2021;8.323.171.615.840.200;20.746.301.157.918.800;28.745.208.333.333.300;8.539.583.333.333.330;48.979.166.666.666.600;8.25
19/10/2021;19.846.527.869.296.500;15.181.453.962.354.600;31.027.083.333.333.300;72.0;44.25;8.145.833.333.333.330
20/10/2021;22.674.821.292.964.400;1.673.023.529.588.860;3.041.875;6.989.583.333.333.330;47.041.666.666.666.600;78.125
21/10/2021;22.459.780.404.073.600;1.773.714.038.258.650;29.374.166.666.666.600;84.75;4.845.833.320.145.520;8.479.166.666.666.660
22/10/2021;17.765.560.622.773.400;23.076.768.494.626.300;3417.75;7.602.083.333.333.330;48.047.221.873.503.400;8.479.166.666.666.660
23/10/2021;9.263.722.809.249.860;14.201.728.071.968.100;30.284.791.666.666.600;9.814.583.333.333.330;6.072.938.179.486.010;9.458.333.333.333.330
24/10/2021;759.187.172.565.499;1.777.862.168.927.700;33.853.541.666.666.600;1.111.875;6.666.294.462.496.020;9.958.333.333.333.330
25/10/2021;15.639.605.857.641.500;17.571.084.045.680.700;26.818.541.666.666.600;9.089.583.333.333.330;50.791.666.666.666.600;9.125
26/10/2021;11.691.288.503.992.500;1.722.970.490.184.800;2.827.865.674.576.870;6.503.769.839.068.540;42.094.245.997.613.100;8.079.365.087.118.080
27/10/2021;8.642.431.638.200.590;2.171.017.112.187.920;2634.25;7.889.583.333.333.330;56.020.833.333.333.300;8.729.166.666.666.660
28/10/2021;13.585.841.587.909.000;18.158.321.715.419.500;29.603.958.333.333.300;7.779.166.666.666.660;465.625;8.708.333.333.333.330
29/10/2021;14.782.119.938.313.800;17.623.937.639.664.400;29.225.833.333.333.300;901.875;49.354.166.666.666.600;90.625
30/10/2021;17.523.092.289.567.300;2.195.529.920.222.940;32.074.375;9.516.666.666.666.660;3.936.174.292.472.860;9.5
31/10/2021;1.502.765.388.340.230;25.021.785.381.955.200;35.410.416.666.666.600;9.347.916.666.666.660;4.717.916.658.262.710;9.270.833.333.333.330
01/11/2021;20.146.663.589.093.200;3.189.016.344.603.730;35.458.333.333.333.300;8.460.416.666.666.660;46.429.166.400.389.300;9.125
02/11/2021;15.078.231.338.205.700;32.213.984.751.628.300;33.794.583.333.333.300;64.25;4.191.499.903.847.660;7.766.861.977.389.470
03/11/2021;8.496.187.109.678.330;3.091.458.474.939.440;37.245.416.666.666.600;7.547.916.666.666.660;47.75;6.852.948.456.094.380
04/11/2021;1.498.758.630.933.550;20.453.338.414.008.200;33.420.833.333.333.300;6.670.833.333.333.330;5.056.874.991.915.360;832.417.781.115.066
05/11/2021;5.441.591.741.700.640;16.104.445.769.208.000;32.484.791.666.666.600;58.958.333.333.333.300;46.895.833.333.333.300;9.270.833.333.333.330
06/11/2021;22.789.013.844.809.400;20.178.375.606.734.400;28.621.458.333.333.300;7.945.833.333.333.330;47.604.166.666.666.600;10.75
07/11/2021;1.762.033.342.443.670;20.487.733.322.721.300;29.744.583.333.333.300;8.266.666.666.666.660;47.895.833.333.333.300;10.458.333.333.333.300
08/11/2021;17.190.922.202.497.900;17.032.438.892.411.100;29.588.333.333.333.300;7.216.666.666.666.660;47.729.166.666.666.600;96.875
09/11/2021;22.953.781.109.296.000;1.837.768.008.786.070;31.053.125;87.25;4.089.583.324.606.480;10.916.666.666.666.600
10/11/2021;23.985.008.389.337.900;23.066.380.912.520.100;30.753.333.333.333.300;58.354.166.666.666.600;45.770.833.333.333.300;9.270.833.333.333.330
11/11/2021;19.170.488.589.351.100;18.278.407.182.388.900;33.895.416.666.666.600;6.916.666.666.666.660;5.329.436.329.383.890;9.645.833.333.333.330
12/11/2021;-2.035.988.620.069.140;1.573.059.535.401.720;29.473.125;64.875;55.543.831.816.943.200;10.458.333.333.333.300
13/11/2021;22.712.333.448.665.300;1.161.829.208.243.960;31.255.625;6.877.083.333.333.330;43.291.666.666.666.600;12.270.833.333.333.300
14/11/2021;11.094.333.914.692.600;11.800.923.925.222.200;30.209.791.666.666.600;6.729.166.666.666.660;48.770.833.333.333.300;11.791.666.666.666.600
15/11/2021;17.703.768.061.882.800;16.321.420.464.664.600;33.082.083.333.333.300;65.5;50.895.833.333.333.300;11.354.166.666.666.600
16/11/2021;8.319.818.552.595.550;1.687.672.905.938.880;31.445.833.333.333.300;62.208.333.333.333.300;5.036.706.376.127.760;10.291.666.666.666.600
17/11/2021;10.149.789.942.193.300;13.917.086.148.783.400;29.026.666.666.666.600;60.125;45.604.166.666.666.600;10.208.333.333.333.300
18/11/2021;864.371.403.541.251;10.756.882.557.939.700;30.469.375;7.145.833.333.333.330;50.145.833.333.333.300;9.75
19/11/2021;10.955.787.973.513.800;17.937.343.579.388.200;28.676.875;57.770.833.333.333.300;4.934.623.023.353.650;9.291.666.666.666.660
20/11/2021;4.596.453.025.991.660;1.958.617.168.413.870;30.003.958.333.333.300;7.066.666.666.666.660;44.125;10.229.166.666.666.600
21/11/2021;75.157.276.274.223.300;1.648.333.231.046.830;32.986.458.333.333.300;79.375;45.375;9.583.333.333.333.330
22/11/2021;9.025.085.803.884.600;13.382.660.281.282.900;32.523.125;7.422.916.666.666.660;457.609.126.773.994;7.708.333.333.333.330
23/11/2021;2.622.869.841.665.820;10.628.356.388.901.100;31.898.541.666.666.600;48.301.587.105.117.800;4.173.511.902.556.780;10.208.333.333.333.300
24/11/2021;15.384.904.103.170.000;12.326.858.871.044.200;30.558.125;73.0;44.145.833.333.333.300;10.790.369.667.623.600
25/11/2021;820.151.954.967.287;1.247.476.464.068.930;3.484.274.427.877.990;5.627.233.870.644.160;3.280.635.555.190.910;12.210.766.869.002.700
26/11/2021;12.055.630.290.511.700;1.410.809.311.390.630;2.595.908.482.945.260;2.667.487.692.079.120;4.383.051.995.127.640;14.318.036.484.189.800
27/11/2021;11.304.534.295.027.200;19.190.274.185.436.900;15.997.133.881.169.200;25.565.941.349.911.800;7.034.307.034.696.490;17.496.037.162.315.400
28/11/2021;10.821.363.352.296.300;17.979.633.174.480.100;12.869.440.753.402.800;17.088.385.406.844.700;7.460.922.179.662.510;15.938.064.645.609.700
29/11/2021;10.304.166.370.213.400;12.989.161.269.205.900;26.119.231.144.346.500;9.743.931.127.070.020;1.391.118.336.836.660;10.696.239.064.108.000
30/11/2021;18.229.166.666.666.600;29.354.166.666.666.600;29.808.333.333.333.300;13.998.122.042.101.600;1.918.341.672.642.060;15.291.666.666.666.600
01/12/2021;20.146.874.995.305.700;30.184.523.921.397.200;3.085.362.596.433.560;11.320.603.921.154.900;20.339.232.581.364.200;18.086.805.566.882.600
02/12/2021;17.634.373.833.600.300;24.654.265.990.868.200;3.028.418.098.759.300;17.746.527.457.864.800;199.580.426.358.317;1.905.406.767.124.120
03/12/2021;2.606.502.253.256.940;31.196.151.178.032.100;30.076.398.079.418.300;2.596.183.348.735.710;183.808.201.324.658;19.340.967.598.342.400
04/12/2021;413.102.901.953.194;39.397.712.071.328.400;31.849.980.470.533.000;3.263.685.340.622.480;2.586.891.251.512.920;22.489.897.883.781.700
05/12/2021;6.282.518.564.220.720;3.066.395.626.949.470;288.397.772.347.058;440.509.033.388.434;21.834.504.365.696.500;21.182.753.961.157.700
06/12/2021;23.262.642.365.124.600;25.781.073.261.417.400;2.880.961.332.634.210;3.867.958.374.857.250;16.164.004.736.030.700;1.887.280.856.036.280
07/12/2021;22.013.157.070.470.400;18.982.321.480.246.400;32.174.123.969.401.800;49.302.464.692.213.300;14.175.142.967.942.000;2.164.488.974.440.790
08/12/2021;3.669.412.768.317.380;1.532.074.316.011.950;32.835.208.333.333.300;57.375;13.753.066.490.470.100;30.083.333.333.333.300
09/12/2021;12.320.203.266.641.700;19.895.236.233.082.500;28.402.708.333.333.300;58.104.166.666.666.600;12.147.929.360.103.700;22.458.333.333.333.300
10/12/2021;7.419.572.335.150.780;13.419.196.408.691.800;25.178.541.666.666.600;50.395.833.333.333.300;894.717.638.011.821;20.0
11/12/2021;14.127.083.206.399.200;1.332.270.700.165.940;26.262.653.771.805.400;51.519.345.207.814.400;11.459.802.033.068.900;20.476.686.510.421.200
12/12/2021;22.988.300.557.084.200;1.815.539.240.811.850;29.395.833.333.333.300;57.625;15.561.162.991.555.600;21.229.166.666.666.600
13/12/2021;2.547.083.313.135.520;26.973.881.484.531.100;2869.5;56.416.666.666.666.600;14.193.690.341.759.900;18.208.333.333.333.300
14/12/2021;20.045.833.325.553.000;17.934.523.980.786.700;29.572.291.666.666.600;58.770.833.333.333.300;13.831.176.536.687.800;19.729.166.666.666.600
15/12/2021;12.702.080.561.081.100;16.954.812.285.768.100;27.613.333.333.333.300;57.125;1.263.495.249.849.740;17.854.166.666.666.600
16/12/2021;11.639.583.316.103.700;9.313.278.509.176.770;26.803.333.333.333.300;57.875;5.063.155.610.214.630;16.770.833.333.333.300
17/12/2021;169.375;10.272.492.894.723.300;25.418.541.666.666.600;785.625;4.932.069.327.547.350;9.166.666.666.666.660
18/12/2021;17.0;11.643.678.147.853.800;2541.0;79.0;17.629.353.488.476.600;9.0
19/12/2021;17.0;14.044.452.258.325.700;2541.0;79.0;21.0;9.0
20/12/2021;17.0;20.199.405.570.695.400;2541.0;79.0;21.0;9.0
21/12/2021;2.508.333.333.279.370;14.429.283.394.981.100;28.557.048.610.598.200;753.784.720.435.063;2.384.771.821.072.980;18.735.615.089.180.500
22/12/2021;28.749.999.998.679.800;10.217.775.643.446.600;30.474.583.333.333.300;42.395.833.333.333.300;26.729.166.666.666.600;27.291.666.666.666.600
23/12/2021;34.354.166.666.677.100;2.146.102.713.951.410;28.310.416.666.666.600;39.416.666.666.666.600;23.395.833.333.333.300;25.916.666.666.666.600
24/12/2021;14.881.250.124.182.400;14.810.483.089.209.700;3.008.375;38.145.833.333.333.300;255.625;30.520.833.333.333.300
25/12/2021;1.348.472.224.023.670;13.387.197.647.937.900;28.659.166.666.666.600;35.520.833.333.333.300;24.0;28.520.833.333.333.300
26/12/2021;10.972.918.483.786.100;13.645.220.959.608.100;27.952.708.333.333.300;36.0;23.645.833.333.333.300;29.645.833.333.333.300
27/12/2021;18.771.591.057.947.000;15.121.714.757.647.300;2.813.475.686.785.060;3.302.799.814.848.520;2.077.480.097.728.080;23.880.952.509.760.600
28/12/2021;37.423.810.826.510.300;21.933.488.406.844.600;31.824.975.851.614.900;17.230.748.300.163.000;38.639.355.301.016.300;13.621.828.387.540.600
29/12/2021;34.760.019.762.597.100;19.112.364.825.904.200;25.278.850.069.982.300;14.940.945.929.851.700;2.481.658.985.756.410;1.151.079.992.395.980
30/12/2021;20.992.319.446.524.500;15.968.082.292.388.500;17.345.918.720.249.600;19.269.006.139.236.700;1.941.696.690.794.700;12.235.857.374.812.800
31/12/2021;2.115.108.642.167.300;10.625.142.817.608.100;17.627.493.170.229.800;15.330.003.075.290.300;4.038.771.030.092.350;10.046.430.937.716.100
